<?xml version="1.0" encoding="utf-8"?>
<ScrollView
    xmlns:android="http://schemas.android.com/apk/res/android"
    android:layout_width="fill_parent"
    android:layout_height="fill_parent"
    android:fitsSystemWindows="true">

    <LinearLayout
        android:orientation="vertical"
        android:layout_width="match_parent"
        android:layout_height="wrap_content"
        android:paddingTop="25dp"
        android:background="@drawable/xmlbackground"
        android:paddingLeft="24dp"
        android:paddingRight="24dp">

        <TextView android:text="GTU Innovation Council"
            android:textColor="@color/primary"
            android:textSize="30sp"
            android:textStyle="bold"
            android:id="@+id/title_text"
            android:layout_width="wrap_content"
            android:layout_height="wrap_content"
            android:layout_marginBottom="24dp"
            android:layout_gravity="center_horizontal" />

        <!--  Name Label -->
        <android.support.design.widget.TextInputLayout
            android:layout_width="match_parent"
            android:layout_height="wrap_content"
            android:layout_marginTop="8dp"
            android:layout_marginBottom="8dp">
            <EditText android:id="@+id/input_firstname"
                android:layout_width="match_parent"
                android:textColor="@color/black"
                android:layout_height="wrap_content"
                android:inputType="textCapWords"
                android:hint="Firstname"
                android:textSize="22sp"/>
        </android.support.design.widget.TextInputLayout>

        <android.support.design.widget.TextInputLayout
            android:layout_width="match_parent"
            android:layout_height="wrap_content"
            android:layout_marginTop="8dp"
            android:layout_marginBottom="8dp">
            <EditText android:id="@+id/input_lastname"
                android:layout_width="match_parent"
                android:textColor="@color/black"
                android:layout_height="wrap_content"
                android:inputType="textCapWords"
                android:hint="Lastname"
                android:textSize="22sp"/>
        </android.support.design.widget.TextInputLayout>


        <!-- Email Label -->
        <android.support.design.widget.TextInputLayout
            android:layout_width="match_parent"
            android:layout_height="wrap_content"
            android:layout_marginTop="8dp"
            android:layout_marginBottom="8dp">
            <EditText android:id="@+id/input_email"
                android:layout_width="match_parent"
                android:layout_height="wrap_content"
                android:textColor="@color/black"
                android:inputType="textEmailAddress"
                android:hint="Email"
                android:textSize="22sp"/>
        </android.support.design.widget.TextInputLayout>

        <!-- Password Label -->
        <android.support.design.widget.TextInputLayout
            android:layout_width="match_parent"
            android:layout_height="wrap_content"
            android:layout_marginTop="8dp"
            android:layout_marginBottom="8dp">
            <EditText android:id="@+id/input_password"
                android:layout_width="match_parent"
                android:layout_height="wrap_content"
                android:inputType="textPassword"
                android:textColor="@color/black"
                android:hint="Password"
                android:textSize="22sp"/>
        </android.support.design.widget.TextInputLayout>

        <!--  Re-enter Password Label -->
        <android.support.design.widget.TextInputLayout
            android:layout_width="match_parent"
            android:layout_height="wrap_content"
            android:layout_marginTop="8dp"
            android:layout_marginBottom="8dp">
            <EditText android:id="@+id/input_Repassword"
                android:layout_width="match_parent"
                android:layout_height="wrap_content"
                android:inputType="textPassword"
                android:textColor="@color/black"
                android:hint="Re-enter Password"
                android:textSize="22sp"/>
        </android.support.design.widget.TextInputLayout>

        <RelativeLayout
            android:layout_width="match_parent"
            android:layout_height="wrap_content"
            android:layout_marginTop="8dp"
            android:layout_marginBottom="8dp">
            <TextView
                android:id="@+id/gender_textview"
                android:paddingRight="15dp"
                android:textColor="@color/blue"
                android:layout_width="wrap_content"
                android:layout_height="wrap_content"
                android:layout_marginTop="3dp"
                android:text="Gender : "
                android:textSize="22sp" />
            <RadioGroup
                android:layout_width="wrap_content"
                android:layout_height="wrap_content"
                android:layout_toRightOf="@+id/gender_textview"
                android:orientation="horizontal"
                android:textSize="22sp"
                >
                <RadioButton
                    android:id="@+id/male_radio_btn"
                    android:layout_width="wrap_content"
                    android:layout_height="wrap_content"
                    android:text="Male"
                    android:textSize="22sp"
                    android:textColor="@color/blue"
                    />
                <RadioButton
                    android:id="@+id/female_radio_btn"
                    android:layout_width="wrap_content"
                    android:layout_height="wrap_content"
                    android:text = "Female"
                    android:textSize="22sp"
                    android:textColor="@color/blue"
                    />
            </RadioGroup>
        </RelativeLayout>

        <!--  Enrollment Label -->
        <android.support.design.widget.TextInputLayout
            android:layout_width="match_parent"
            android:layout_height="wrap_content"
            android:layout_marginTop="8dp"
            android:layout_marginBottom="8dp">
            <EditText android:id="@+id/enrollmentNo"
                android:layout_width="match_parent"
                android:layout_height="wrap_content"
                android:inputType="number"
                android:maxLength="12"
                android:textColor="@color/black"
                android:hint="Enrollment No"
                android:textSize="22sp"/>
        </android.support.design.widget.TextInputLayout>

        <!--  Mobile No Label -->
        <android.support.design.widget.TextInputLayout
            android:layout_width="match_parent"
            android:layout_height="wrap_content"
            android:layout_marginTop="8dp"
            android:layout_marginBottom="8dp">
            <EditText android:id="@+id/mobileNo"
                android:layout_width="match_parent"
                android:layout_height="wrap_content"
                android:inputType="number"
                android:maxLength="10"
                android:textColor="@color/black"
                android:hint="Mobile no(10 digit)"
                android:textSize="22sp"/>
        </android.support.design.widget.TextInputLayout>

        <!--  College Label -->
        <android.support.design.widget.TextInputLayout
            android:layout_width="match_parent"
            android:layout_height="wrap_content"
            android:layout_marginTop="8dp"
            android:layout_marginBottom="8dp">
            <EditText android:id="@+id/clgname"
                android:layout_width="match_parent"
                android:layout_height="wrap_content"
                android:inputType="text"
                android:textColor="@color/black"
                android:hint="Your College Name"
                android:textSize="22sp"/>
        </android.support.design.widget.TextInputLayout>

        <android.support.v7.widget.AppCompatCheckBox
            android:layout_width="wrap_content"
            android:layout_height="wrap_content"
            android:text="I accept terms &amp; conditions"
            android:textSize="22sp"
            android:textColor="@color/blue"
            android:checked="false"
            android:id="@+id/terms"
            android:layout_marginTop="8dp"
            />

        <!-- Signup Button -->
        <android.support.v7.widget.AppCompatButton
            android:id="@+id/btn_signup"
            android:layout_width="fill_parent"
            android:layout_height="match_parent"
            android:layout_marginTop="18dp"
            android:layout_marginBottom="24dp"
            android:padding="12dp"
            android:linksClickable="true"
            android:text="Create Account"
            android:textSize="20sp"
            android:layout_gravity="center"
            android:textAlignment="center"/>

        <TextView android:id="@+id/link_login"
            android:layout_width="fill_parent"
            android:layout_height="wrap_content"
            android:layout_marginBottom="24dp"
            android:text="Already a member? Login"
            android:gravity="center"
            android:textColor="@color/blue"
            android:textSize="22sp"/>

    </LinearLayout>
</ScrollView>